<connectorMetaData path="interop-xca">
	<name>XCA Sender</name>
	<author>NextGen Healthcare</author>
	<pluginVersion>4.4.2.b134</pluginVersion>
	<mirthVersion>4.4.2</mirthVersion>
	<url>http://www.nextgen.com</url>
	<description></description>
	<clientClassName>com.mirth.connect.connectors.interop.xca.client.XCASender</clientClassName>
	<serverClassName>com.mirth.connect.connectors.interop.xca.server.XCADispatcher</serverClassName>
	<sharedClassName>com.mirth.connect.connectors.interop.xca.shared.XCADispatcherProperties</sharedClassName>
	<library type="CLIENT" path="interop-xca-client.jar" />
	<library type="SHARED" path="interop-xca-shared.jar" />
	<library type="SERVER" path="interop-xca-server.jar" />
	<transformers></transformers>
	<protocol>xca</protocol>
	<type>DESTINATION</type>
</connectorMetaData>
