<connectorMetaData path="interop-xca">
	<name>XCA Listener</name>
	<author>NextGen Healthcare</author>
	<pluginVersion>4.4.2.b134</pluginVersion>
	<mirthVersion>4.4.2</mirthVersion>
	<url>http://www.nextgen.com</url>
	<description></description>
	<clientClassName>com.mirth.connect.connectors.interop.xca.client.XCAListener</clientClassName>
	<serverClassName>com.mirth.connect.connectors.interop.xca.server.XCAReceiver</serverClassName>
	<sharedClassName>com.mirth.connect.connectors.interop.xca.shared.XCAReceiverProperties</sharedClassName>
	<library type="CLIENT" path="interop-xca-client.jar" />
	<library type="SHARED" path="interop-xca-shared.jar" />
	<library type="SERVER" path="interop-xca-server.jar" />
	<transformers></transformers>
	<protocol>xca</protocol>
	<type>SOURCE</type>
</connectorMetaData>
