<connectorMetaData path="interop-xcpd">
	<name>XCPD Sender</name>
	<author>NextGen Healthcare</author>
	<pluginVersion>4.4.2.b134</pluginVersion>
	<mirthVersion>4.4.2</mirthVersion>
	<url>http://www.nextgen.com</url>
	<description></description>
	<clientClassName>com.mirth.connect.connectors.interop.xcpd.client.XCPDSender</clientClassName>
	<serverClassName>com.mirth.connect.connectors.interop.xcpd.server.XCPDDispatcher</serverClassName>
	<sharedClassName>com.mirth.connect.connectors.interop.xcpd.shared.XCPDDispatcherProperties</sharedClassName>
	<library type="CLIENT" path="interop-xcpd-client.jar" />
	<library type="SHARED" path="interop-xcpd-shared.jar" />
	<library type="SERVER" path="interop-xcpd-server.jar" />
	<transformers></transformers>
	<protocol>xcpd</protocol>
	<type>DESTINATION</type>
</connectorMetaData>
