<connectorMetaData path="interop-pix">
	<name>PIX Sender</name>
	<author>NextGen Healthcare</author>
	<pluginVersion>4.4.2.b134</pluginVersion>
	<mirthVersion>4.4.2</mirthVersion>
	<url>http://www.nextgen.com</url>
	<description></description>
	<clientClassName>com.mirth.connect.connectors.interop.pix.client.PIXSender</clientClassName>
	<serverClassName>com.mirth.connect.connectors.interop.pix.server.PIXDispatcher</serverClassName>
	<sharedClassName>com.mirth.connect.connectors.interop.pix.shared.PIXDispatcherProperties</sharedClassName>
	<library type="CLIENT" path="interop-pix-client.jar" />
	<library type="SHARED" path="interop-pix-shared.jar" />
	<library type="SERVER" path="interop-pix-server.jar" />
	<transformers></transformers>
	<protocol>pix</protocol>
	<type>DESTINATION</type>
</connectorMetaData>
