<connectorMetaData path="interop-xdsb">
	<name>XDS.b Listener</name>
	<author>NextGen Healthcare</author>
	<pluginVersion>4.4.2.b134</pluginVersion>
	<mirthVersion>4.4.2</mirthVersion>
	<url>http://www.nextgen.com</url>
	<description></description>
	<clientClassName>com.mirth.connect.connectors.interop.xdsb.client.XDSBListener</clientClassName>
	<serverClassName>com.mirth.connect.connectors.interop.xdsb.server.XDSBReceiver</serverClassName>
	<sharedClassName>com.mirth.connect.connectors.interop.xdsb.shared.XDSBReceiverProperties</sharedClassName>
	<library type="CLIENT" path="interop-xdsb-client.jar" />
	<library type="SHARED" path="interop-xdsb-shared.jar" />
	<library type="SERVER" path="interop-xdsb-server.jar" />
	<transformers></transformers>
	<protocol>xdsb</protocol>
	<type>SOURCE</type>
</connectorMetaData>
