<connectorMetaData path="interop-pdq">
	<name>PDQ Listener</name>
	<author>NextGen Healthcare</author>
	<pluginVersion>4.4.2.b134</pluginVersion>
	<mirthVersion>4.4.2</mirthVersion>
	<url>http://www.nextgen.com</url>
	<description></description>
	<clientClassName>com.mirth.connect.connectors.interop.pdq.client.PDQListener</clientClassName>
	<serverClassName>com.mirth.connect.connectors.interop.pdq.server.PDQReceiver</serverClassName>
	<sharedClassName>com.mirth.connect.connectors.interop.pdq.shared.PDQReceiverProperties</sharedClassName>
	<library type="CLIENT" path="interop-pdq-client.jar" />
	<library type="SHARED" path="interop-pdq-shared.jar" />
	<library type="SERVER" path="interop-pdq-server.jar" />
	<transformers></transformers>
	<protocol>pdq</protocol>
	<type>SOURCE</type>
</connectorMetaData>
